,best_epoc,train_accuracy,train_loss,validation_accuracy,validation_loss,test_accuracy,test_loss,data preparation time,train_extract_time,test_extract_time,fit_time
1,217,0.8484288454055786,0.3367673456668854,0.8197425007820129,0.4990028440952301,0.8888888955116272,0.47345954179763794,0.0031273365020751953,2226.949643611908,268.76561069488525,214.1832218170166
2,207,0.8558225631713867,0.31424787640571594,0.8111587762832642,0.5860291719436646,0.7111111283302307,0.6667903661727905,0.0019958019256591797,2265.1231033802032,259.28744769096375,163.84068846702576
3,152,0.8632162809371948,0.32071197032928467,0.7596566677093506,0.700728178024292,0.7222222089767456,0.7560811638832092,0.0009965896606445312,2183.087872982025,266.1694858074188,122.84400129318237
4,112,0.611829936504364,0.7331863045692444,0.6008583903312683,0.8277459740638733,0.6888889074325562,0.614404559135437,0.013962745666503906,2209.1307616233826,248.72620177268982,142.54264330863953
5,199,0.8539741039276123,0.3016993999481201,0.8583691120147705,0.5339369177818298,0.7333333492279053,0.5155461430549622,0.001995086669921875,2172.8723797798157,242.89940810203552,162.52763843536377
